date,agent,item,approved,edits,error_severity
2026-10-03,aaron,DRYRUN scored-prospects.csv (5 sample),pending,,
2026-10-03,aaron,DRYRUN scrub-and-send-list.md,pending,,
2026-10-03,cody,DRYRUN SAMPLE-1 sequence,pending,,
2026-10-03,cody,DRYRUN SAMPLE-2 sequence,pending,,
2026-10-03,cody,DRYRUN SAMPLE-3 sequence,pending,,
2026-10-03,cody,DRYRUN SAMPLE-4 sequence,pending,,
2026-10-03,cody,DRYRUN SAMPLE-5 sequence,pending,,
2026-10-03,patty,DRYRUN send-plan-and-replies.md,pending,,
2026-10-04,patty,capacity-check.md (capacity_tomorrow=0),pending,,
2026-10-04,aaron,scored-prospects.csv (10 real-data trial; 5A/5B),pending,,
2026-10-04,aaron,scrub-log.md,pending,,
2026-10-04,aaron,send-list.md (no list; capacity 0),pending,,
2026-10-04,aaron,weekly-memo.md (baseline),pending,,
2026-10-08,frannie,DRYRUN S1 note + email + Apollo staging (SYNTHETIC),pending,,
2026-10-08,frannie,DRYRUN S2 note + email + Apollo staging (SYNTHETIC; escalated),pending,,
2026-10-08,frannie,DRYRUN S3 note + email + Apollo staging (SYNTHETIC; ready to buy),pending,,
2026-10-08,frannie,DRYRUN weekly-pattern.md (SYNTHETIC sample),pending,,
2026-10-08,mark,DRYRUN S1 proposal outline (SYNTHETIC),pending,,
2026-10-08,mark,DRYRUN S2 proposal outline HOLD (SYNTHETIC),pending,,
2026-10-08,mark,DRYRUN S3 proposal outline (SYNTHETIC),pending,,
2026-10-08,dolly,DRYRUN R1 proposal cover (SYNTHETIC),pending,,
2026-10-08,dolly,DRYRUN R2 process diagram (SYNTHETIC),pending,,
2026-10-08,dolly,DRYRUN R3 social graphic (SYNTHETIC),pending,,
2026-10-08,chief-of-staff,RUN-20261008-001 post-call orchestration report (SYNTHETIC test),pending,,
2026-10-08,frannie,RUN-20261008-001 s1 note + email + Apollo staging (SYNTHETIC; COS-delegated),pending,,
2026-10-08,mark,RUN-20261008-001 s2 proposal outline (SYNTHETIC; COS-delegated),pending,,
2026-10-08,cody,RUN-20261008-001 s3 polished follow-up email (SYNTHETIC; COS-delegated),pending,,
2026-10-08,cody,RUN-20261008-001 s4 proposal narrative (SYNTHETIC; COS-delegated),pending,,
2026-10-08,dolly,RUN-20261008-001 s5 options table + workflow diagram (SYNTHETIC; COS-delegated),pending,,
2026-10-08,vicky,TRIAL-P3 Psalm 23:1 script (SYNTHETIC; checker PASS, 2 expected WARNs),pending,,
2026-10-08,angelina,TRIAL-P3 Spanish follow-up email (SYNTHETIC; checker PASS),pending,,
2026-10-08,jerry,TRIAL-P3 press release (SYNTHETIC; reworked once after gate failure: honorific and padding removed; checker PASS at 284 words),pending,,
2026-10-08,maya,TRIAL-P3 Module 1 + quick-reference card (SYNTHETIC; revised once to name six out-of-scope items in 'does not' clauses; checker PASS at 520 words),pending,,
2026-10-08,chief-of-staff,TRIAL-P3 Phase 3 first-run report (SYNTHETIC),pending,,
